{
    "now": "2022-05-12T23:00:00.148Z",
    "perfNow": 7389302.1999999955,
    "diagnosticCorrelation": "f785305a-f6da-4805-a3e2-2e6c34d0ec6e",
    "source": "DownloadSupportFiles",
    "environment": {
        "productName": "adf",
        "buildVersion": "1.0.051022.15",
        "environmentType": 3,
        "resourceName": "dfCovid19pos",
        "resourceRegion": "eastus",
        "resourceGroup": "storeTellingRG",
        "subscriptionId": "f0202af4-56cb-4851-8e2d-7f17693efba6",
        "sessionId": "EkkjW",
        "operationId": "eUMkn",
        "gitType": "live"
    },
    "additionalInfo": {
        "selectedResource": "CopiaCsv",
        "selectedResourceType": "pipeline"
    }
}