{
    "name": "CopiaCsv",
    "properties": {
        "activities": [
            {
                "name": "Copy_eg6",
                "type": "Copy",
                "dependsOn": [],
                "policy": {
                    "timeout": "7.00:00:00",
                    "retry": 0,
                    "retryIntervalInSeconds": 30,
                    "secureOutput": false,
                    "secureInput": false
                },
                "userProperties": [
                    {
                        "name": "Source",
                        "value": "/covid_data_full.csv"
                    },
                    {
                        "name": "Destination",
                        "value": "dbCovid19.tbCovid19"
                    }
                ],
                "typeProperties": {
                    "source": {
                        "type": "DelimitedTextSource",
                        "storeSettings": {
                            "type": "AzureFileStorageReadSettings",
                            "recursive": false,
                            "enablePartitionDiscovery": false
                        },
                        "formatSettings": {
                            "type": "DelimitedTextReadSettings",
                            "skipLineCount": 0
                        }
                    },
                    "sink": {
                        "type": "AzureSqlSink",
                        "tableOption": "autoCreate"
                    },
                    "enableStaging": false,
                    "validateDataConsistency": false,
                    "translator": {
                        "type": "TabularTranslator",
                        "mappings": [
                            {
                                "source": {
                                    "name": "regiao",
                                    "type": "String",
                                    "physicalType": "String"
                                },
                                "sink": {
                                    "name": "regiao",
                                    "type": "String"
                                }
                            },
                            {
                                "source": {
                                    "name": "estado",
                                    "type": "String",
                                    "physicalType": "String"
                                },
                                "sink": {
                                    "name": "estado",
                                    "type": "String"
                                }
                            },
                            {
                                "source": {
                                    "name": "municipio",
                                    "type": "String",
                                    "physicalType": "String"
                                },
                                "sink": {
                                    "name": "municipio",
                                    "type": "String"
                                }
                            },
                            {
                                "source": {
                                    "name": "coduf",
                                    "type": "String",
                                    "physicalType": "String"
                                },
                                "sink": {
                                    "name": "coduf",
                                    "type": "String"
                                }
                            },
                            {
                                "source": {
                                    "name": "codmun",
                                    "type": "String",
                                    "physicalType": "String"
                                },
                                "sink": {
                                    "name": "codmun",
                                    "type": "String"
                                }
                            },
                            {
                                "source": {
                                    "name": "codRegiaoSaude",
                                    "type": "String",
                                    "physicalType": "String"
                                },
                                "sink": {
                                    "name": "codRegiaoSaude",
                                    "type": "String"
                                }
                            },
                            {
                                "source": {
                                    "name": "nomeRegiaoSaude",
                                    "type": "String",
                                    "physicalType": "String"
                                },
                                "sink": {
                                    "name": "nomeRegiaoSaude",
                                    "type": "String"
                                }
                            },
                            {
                                "source": {
                                    "name": "data",
                                    "type": "String",
                                    "physicalType": "String"
                                },
                                "sink": {
                                    "name": "data",
                                    "type": "String"
                                }
                            },
                            {
                                "source": {
                                    "name": "semanaEpi",
                                    "type": "String",
                                    "physicalType": "String"
                                },
                                "sink": {
                                    "name": "semanaEpi",
                                    "type": "String"
                                }
                            },
                            {
                                "source": {
                                    "name": "populacaoTCU2019",
                                    "type": "String",
                                    "physicalType": "String"
                                },
                                "sink": {
                                    "name": "populacaoTCU2019",
                                    "type": "String"
                                }
                            },
                            {
                                "source": {
                                    "name": "casosAcumulado",
                                    "type": "String",
                                    "physicalType": "String"
                                },
                                "sink": {
                                    "name": "casosAcumulado",
                                    "type": "String"
                                }
                            },
                            {
                                "source": {
                                    "name": "casosNovos",
                                    "type": "String",
                                    "physicalType": "String"
                                },
                                "sink": {
                                    "name": "casosNovos",
                                    "type": "String"
                                }
                            },
                            {
                                "source": {
                                    "name": "obitosAcumulado",
                                    "type": "String",
                                    "physicalType": "String"
                                },
                                "sink": {
                                    "name": "obitosAcumulado",
                                    "type": "String"
                                }
                            },
                            {
                                "source": {
                                    "name": "obitosNovos",
                                    "type": "String",
                                    "physicalType": "String"
                                },
                                "sink": {
                                    "name": "obitosNovos",
                                    "type": "String"
                                }
                            },
                            {
                                "source": {
                                    "name": "Recuperadosnovos",
                                    "type": "String",
                                    "physicalType": "String"
                                },
                                "sink": {
                                    "name": "Recuperadosnovos",
                                    "type": "String"
                                }
                            },
                            {
                                "source": {
                                    "name": "emAcompanhamentoNovos",
                                    "type": "String",
                                    "physicalType": "String"
                                },
                                "sink": {
                                    "name": "emAcompanhamentoNovos",
                                    "type": "String"
                                }
                            },
                            {
                                "source": {
                                    "name": "interior/metropolitana",
                                    "type": "String",
                                    "physicalType": "String"
                                },
                                "sink": {
                                    "name": "regiaointmetro"
                                }
                            }
                        ],
                        "typeConversion": true,
                        "typeConversionSettings": {
                            "allowDataTruncation": true,
                            "treatBooleanAsNumber": false
                        }
                    }
                },
                "inputs": [
                    {
                        "referenceName": "SourceDataset_eg6",
                        "type": "DatasetReference"
                    }
                ],
                "outputs": [
                    {
                        "referenceName": "DestinationDataset_eg6",
                        "type": "DatasetReference"
                    }
                ]
            }
        ],
        "annotations": [],
        "lastPublishTime": "2022-05-12T21:09:41Z"
    },
    "type": "Microsoft.DataFactory/factories/pipelines"
}