{
    "name": "SourceDataset_eg6",
    "properties": {
        "linkedServiceName": {
            "referenceName": "AzureFileStorage1",
            "type": "LinkedServiceReference"
        },
        "annotations": [],
        "type": "DelimitedText",
        "typeProperties": {
            "location": {
                "type": "AzureFileStorageLocation",
                "fileName": "covid_data_full.csv"
            },
            "columnDelimiter": ";",
            "escapeChar": "\\",
            "firstRowAsHeader": true,
            "quoteChar": "\""
        },
        "schema": [
            {
                "name": "regiao",
                "type": "String"
            },
            {
                "name": "estado",
                "type": "String"
            },
            {
                "name": "municipio",
                "type": "String"
            },
            {
                "name": "coduf",
                "type": "String"
            },
            {
                "name": "codmun",
                "type": "String"
            },
            {
                "name": "codRegiaoSaude",
                "type": "String"
            },
            {
                "name": "nomeRegiaoSaude",
                "type": "String"
            },
            {
                "name": "data",
                "type": "String"
            },
            {
                "name": "semanaEpi",
                "type": "String"
            },
            {
                "name": "populacaoTCU2019",
                "type": "String"
            },
            {
                "name": "casosAcumulado",
                "type": "String"
            },
            {
                "name": "casosNovos",
                "type": "String"
            },
            {
                "name": "obitosAcumulado",
                "type": "String"
            },
            {
                "name": "obitosNovos",
                "type": "String"
            },
            {
                "name": "Recuperadosnovos",
                "type": "String"
            },
            {
                "name": "emAcompanhamentoNovos",
                "type": "String"
            },
            {
                "name": "interior/metropolitana",
                "type": "String"
            }
        ]
    },
    "type": "Microsoft.DataFactory/factories/datasets"
}