{
    "name": "pipelineSQL2MySQL",
    "properties": {
        "activities": [
            {
                "name": "Copy_9ak",
                "type": "Copy",
                "dependsOn": [],
                "policy": {
                    "timeout": "7.00:00:00",
                    "retry": 0,
                    "retryIntervalInSeconds": 30,
                    "secureOutput": false,
                    "secureInput": false
                },
                "userProperties": [
                    {
                        "name": "Source",
                        "value": "dbCovid19.tbCovid19"
                    },
                    {
                        "name": "Destination",
                        "value": "tbcovid19"
                    }
                ],
                "typeProperties": {
                    "source": {
                        "type": "AzureSqlSource",
                        "partitionOption": "None"
                    },
                    "sink": {
                        "type": "AzureMySqlSink",
                        "writeBatchSize": 10000,
                        "writeBatchTimeout": "00:00:30"
                    },
                    "enableStaging": false,
                    "validateDataConsistency": false,
                    "translator": {
                        "type": "TabularTranslator",
                        "mappings": [
                            {
                                "source": {
                                    "name": "regiao",
                                    "type": "String",
                                    "physicalType": "nvarchar"
                                },
                                "sink": {
                                    "name": "regiao",
                                    "type": "String",
                                    "physicalType": "varchar"
                                }
                            },
                            {
                                "source": {
                                    "name": "estado",
                                    "type": "String",
                                    "physicalType": "nvarchar"
                                },
                                "sink": {
                                    "name": "estado",
                                    "type": "String",
                                    "physicalType": "varchar"
                                }
                            },
                            {
                                "source": {
                                    "name": "municipio",
                                    "type": "String",
                                    "physicalType": "nvarchar"
                                },
                                "sink": {
                                    "name": "municipio",
                                    "type": "String",
                                    "physicalType": "varchar"
                                }
                            },
                            {
                                "source": {
                                    "name": "coduf",
                                    "type": "String",
                                    "physicalType": "nvarchar"
                                },
                                "sink": {
                                    "name": "coduf",
                                    "type": "String",
                                    "physicalType": "varchar"
                                }
                            },
                            {
                                "source": {
                                    "name": "codmun",
                                    "type": "String",
                                    "physicalType": "nvarchar"
                                },
                                "sink": {
                                    "name": "codmun",
                                    "type": "String",
                                    "physicalType": "varchar"
                                }
                            },
                            {
                                "source": {
                                    "name": "codRegiaoSaude",
                                    "type": "String",
                                    "physicalType": "nvarchar"
                                },
                                "sink": {
                                    "name": "codRegiaoSaude",
                                    "type": "String",
                                    "physicalType": "varchar"
                                }
                            },
                            {
                                "source": {
                                    "name": "nomeRegiaoSaude",
                                    "type": "String",
                                    "physicalType": "nvarchar"
                                },
                                "sink": {
                                    "name": "nomeRegiaoSaude",
                                    "type": "String",
                                    "physicalType": "varchar"
                                }
                            },
                            {
                                "source": {
                                    "name": "data",
                                    "type": "String",
                                    "physicalType": "nvarchar"
                                },
                                "sink": {
                                    "name": "data",
                                    "type": "String",
                                    "physicalType": "varchar"
                                }
                            },
                            {
                                "source": {
                                    "name": "semanaEpi",
                                    "type": "String",
                                    "physicalType": "nvarchar"
                                },
                                "sink": {
                                    "name": "semanaEpi",
                                    "type": "String",
                                    "physicalType": "varchar"
                                }
                            },
                            {
                                "source": {
                                    "name": "populacaoTCU2019",
                                    "type": "String",
                                    "physicalType": "nvarchar"
                                },
                                "sink": {
                                    "name": "populacaoTCU2019",
                                    "type": "String",
                                    "physicalType": "varchar"
                                }
                            },
                            {
                                "source": {
                                    "name": "casosAcumulado",
                                    "type": "String",
                                    "physicalType": "nvarchar"
                                },
                                "sink": {
                                    "name": "casosAcumulado",
                                    "type": "String",
                                    "physicalType": "varchar"
                                }
                            },
                            {
                                "source": {
                                    "name": "casosNovos",
                                    "type": "String",
                                    "physicalType": "nvarchar"
                                },
                                "sink": {
                                    "name": "casosNovos",
                                    "type": "String",
                                    "physicalType": "varchar"
                                }
                            },
                            {
                                "source": {
                                    "name": "obitosAcumulado",
                                    "type": "String",
                                    "physicalType": "nvarchar"
                                },
                                "sink": {
                                    "name": "obitosAcumulado",
                                    "type": "String",
                                    "physicalType": "varchar"
                                }
                            },
                            {
                                "source": {
                                    "name": "obitosNovos",
                                    "type": "String",
                                    "physicalType": "nvarchar"
                                },
                                "sink": {
                                    "name": "obitosNovos",
                                    "type": "String",
                                    "physicalType": "varchar"
                                }
                            },
                            {
                                "source": {
                                    "name": "Recuperadosnovos",
                                    "type": "String",
                                    "physicalType": "nvarchar"
                                },
                                "sink": {
                                    "name": "Recuperadosnovos",
                                    "type": "String",
                                    "physicalType": "varchar"
                                }
                            },
                            {
                                "source": {
                                    "name": "emAcompanhamentoNovos",
                                    "type": "String",
                                    "physicalType": "nvarchar"
                                },
                                "sink": {
                                    "name": "emAcompanhamentoNovos",
                                    "type": "String",
                                    "physicalType": "varchar"
                                }
                            },
                            {
                                "source": {
                                    "name": "regiaointmetro",
                                    "type": "String",
                                    "physicalType": "nvarchar"
                                },
                                "sink": {
                                    "name": "regiaointmetro",
                                    "type": "String",
                                    "physicalType": "varchar"
                                }
                            }
                        ],
                        "typeConversion": true,
                        "typeConversionSettings": {
                            "allowDataTruncation": true,
                            "treatBooleanAsNumber": false
                        }
                    }
                },
                "inputs": [
                    {
                        "referenceName": "SourceDataset_9ak",
                        "type": "DatasetReference"
                    }
                ],
                "outputs": [
                    {
                        "referenceName": "DestinationDataset_9ak",
                        "type": "DatasetReference"
                    }
                ]
            }
        ],
        "annotations": [],
        "lastPublishTime": "2022-05-13T02:17:05Z"
    },
    "type": "Microsoft.DataFactory/factories/pipelines"
}