{
    "name": "DestinationDataset_9ak",
    "properties": {
        "linkedServiceName": {
            "referenceName": "AzureMySql1",
            "type": "LinkedServiceReference"
        },
        "annotations": [],
        "type": "AzureMySqlTable",
        "schema": [
            {
                "name": "regiao",
                "type": "varchar",
                "precision": 0,
                "scale": 0
            },
            {
                "name": "estado",
                "type": "varchar",
                "precision": 0,
                "scale": 0
            },
            {
                "name": "municipio",
                "type": "varchar",
                "precision": 0,
                "scale": 0
            },
            {
                "name": "coduf",
                "type": "varchar",
                "precision": 0,
                "scale": 0
            },
            {
                "name": "codmun",
                "type": "varchar",
                "precision": 0,
                "scale": 0
            },
            {
                "name": "codRegiaoSaude",
                "type": "varchar",
                "precision": 0,
                "scale": 0
            },
            {
                "name": "nomeRegiaoSaude",
                "type": "varchar",
                "precision": 0,
                "scale": 0
            },
            {
                "name": "data",
                "type": "varchar",
                "precision": 0,
                "scale": 0
            },
            {
                "name": "semanaEpi",
                "type": "varchar",
                "precision": 0,
                "scale": 0
            },
            {
                "name": "populacaoTCU2019",
                "type": "varchar",
                "precision": 0,
                "scale": 0
            },
            {
                "name": "casosAcumulado",
                "type": "varchar",
                "precision": 0,
                "scale": 0
            },
            {
                "name": "casosNovos",
                "type": "varchar",
                "precision": 0,
                "scale": 0
            },
            {
                "name": "obitosAcumulado",
                "type": "varchar",
                "precision": 0,
                "scale": 0
            },
            {
                "name": "obitosNovos",
                "type": "varchar",
                "precision": 0,
                "scale": 0
            },
            {
                "name": "Recuperadosnovos",
                "type": "varchar",
                "precision": 0,
                "scale": 0
            },
            {
                "name": "emAcompanhamentoNovos",
                "type": "varchar",
                "precision": 0,
                "scale": 0
            },
            {
                "name": "regiaointmetro",
                "type": "varchar",
                "precision": 0,
                "scale": 0
            }
        ],
        "typeProperties": {
            "tableName": "tbcovid19"
        }
    },
    "type": "Microsoft.DataFactory/factories/datasets"
}