{
    "name": "SourceDataset_9ak",
    "properties": {
        "linkedServiceName": {
            "referenceName": "AzureSqlDatabase1",
            "type": "LinkedServiceReference"
        },
        "annotations": [],
        "type": "AzureSqlTable",
        "schema": [
            {
                "name": "regiao",
                "type": "nvarchar"
            },
            {
                "name": "estado",
                "type": "nvarchar"
            },
            {
                "name": "municipio",
                "type": "nvarchar"
            },
            {
                "name": "coduf",
                "type": "nvarchar"
            },
            {
                "name": "codmun",
                "type": "nvarchar"
            },
            {
                "name": "codRegiaoSaude",
                "type": "nvarchar"
            },
            {
                "name": "nomeRegiaoSaude",
                "type": "nvarchar"
            },
            {
                "name": "data",
                "type": "nvarchar"
            },
            {
                "name": "semanaEpi",
                "type": "nvarchar"
            },
            {
                "name": "populacaoTCU2019",
                "type": "nvarchar"
            },
            {
                "name": "casosAcumulado",
                "type": "nvarchar"
            },
            {
                "name": "casosNovos",
                "type": "nvarchar"
            },
            {
                "name": "obitosAcumulado",
                "type": "nvarchar"
            },
            {
                "name": "obitosNovos",
                "type": "nvarchar"
            },
            {
                "name": "Recuperadosnovos",
                "type": "nvarchar"
            },
            {
                "name": "emAcompanhamentoNovos",
                "type": "nvarchar"
            },
            {
                "name": "regiaointmetro",
                "type": "nvarchar"
            }
        ],
        "typeProperties": {
            "schema": "dbCovid19",
            "table": "tbCovid19"
        }
    },
    "type": "Microsoft.DataFactory/factories/datasets"
}