{
    "now": "2022-05-13T02:18:57.796Z",
    "perfNow": 612646.599999994,
    "diagnosticCorrelation": "d0757727-ee5f-4fae-9625-170fd86cda2f",
    "source": "DownloadSupportFiles",
    "environment": {
        "productName": "adf",
        "buildVersion": "1.0.051022.15",
        "environmentType": 3,
        "resourceName": "dbCovid19",
        "resourceRegion": "eastus",
        "resourceGroup": "storeTellingRG",
        "subscriptionId": "f0202af4-56cb-4851-8e2d-7f17693efba6",
        "sessionId": "U/l1h",
        "operationId": "iMqi5",
        "gitType": "live"
    },
    "additionalInfo": {
        "selectedResource": "pipelineSQL2MySQL",
        "selectedResourceType": "pipeline"
    }
}